url_path,views_total,views_unique
/cubicleguy/ess_imu_driver2,15,11
/cubicleguy/ess_imu_driver2/tree/humble,4,3
/cubicleguy/ess_imu_driver2/blob/jazzy/src/epson_imu_uart_ros2_node.cpp,2,1
/cubicleguy/ess_imu_driver2/tree/jazzy/src,2,1
/cubicleguy/ess_imu_driver2/blob/humble/src/epson_imu_uart_ros2_node.cpp,1,1
/cubicleguy/ess_imu_driver2/blob/jazzy/launch/launch.py,1,1
/cubicleguy/ess_imu_driver2/tree/humble/launch,1,1
/cubicleguy/ess_imu_driver2/tree/humble/src,1,1
/cubicleguy/ess_imu_driver2/tree/jazzy/launch,1,1
